{"openapi": "3.0.0", "info": {"version": "0.0.1b", "title": "Library", "description": ""}, "servers": [{"url": "http://localhost:9191/library"}], "paths": {"/libraryentry": {"post": {"description": "Creates a new libraryentry.", "operationId": "createLibraryEntry", "requestBody": {"description": "LibraryEntry to add.", "required": true, "content": {"application/json": {"schema": {"$ref": "#components/schemas/LibraryEntry"}}}}, "responses": {"200": {"$ref": "#components/responses/LibraryEntryOK"}}}}, "/libraryentry/id": {"put": {"description": "Update LibraryEntry object.", "operationId": "updateLibraryEntry", "parameters": [{"name": "id", "in": "path", "description": "ID of libraryentry to update", "required": true, "schema": {"type": "string"}}], "requestBody": {"$ref": "#components/requestBodies/LibraryEntryBody"}, "responses": {"200": {"$ref": "#components/responses/LibraryEntryOK"}}}, "get": {"description": "Read LibraryEntry object.", "operationId": "readLibraryEntry", "parameters": [{"name": "id", "in": "path", "description": "ID of libraryentry to update", "required": true, "schema": {"type": "string"}}], "requestBody": {"$ref": "#components/requestBodies/LibraryEntryBody"}, "responses": {"200": {"$ref": "#components/responses/LibraryEntryOK"}}}, "delete": {"description": "Delete LibraryEntry object.", "operationId": "deleteLibraryEntry", "parameters": [{"name": "id", "in": "path", "description": "ID of libraryentry to update", "required": true, "schema": {"type": "string"}}], "requestBody": {"$ref": "#components/requestBodies/LibraryEntryBody"}, "responses": {"200": {"$ref": "#components/responses/LibraryEntryOK"}}}}, "//": {"get": {"description": "", "operationId": "getAll", "parameters": [], "responses": {"200": {"description": "JSON representation of LibraryEntry object", "content": {"application/json": {"schema": {"type": "array", "items": {"$ref": "#/components/schemas/LibraryEntry"}}}}}}}}}, "components": {"schemas": {"LibraryEntry": {"type": "object", "properties": {"id": {"type": "string"}, "paperId": {"type": "string"}, "title": {"type": "string"}, "author": {"type": "string"}}, "required": ["id", "paperId", "title", "author"]}, "LibraryEntryDto": {"type": "object", "properties": {"paperId": {"type": "string"}, "title": {"type": "string"}, "author": {"type": "string"}}, "required": ["paperId", "title", "author"]}}, "requestBodies": {"LibraryEntryBody": {"description": "JSON representation of LibraryEntry object", "required": true, "content": {"application/json": {"schema": {"$ref": "#components/schemas/LibraryEntry"}}}}, "LibraryEntryDtoBody": {"description": "JSON representation of LibraryEntryDto object", "required": true, "content": {"application/json": {"schema": {"$ref": "#components/schemas/LibraryEntryDto"}}}}}, "responses": {"LibraryEntryOK": {"description": "JSON representation of LibraryEntry object", "content": {"application/json": {"schema": {"$ref": "#components/schemas/LibraryEntry"}}}}, "LibraryEntryDtoOK": {"description": "JSON representation of LibraryEntryDto object", "content": {"application/json": {"schema": {"$ref": "#components/schemas/LibraryEntryDto"}}}}}}}